{
  "test/flpSandbox.html": 1754491201534,
  "test/integration/pages/SuperHeroesObjectPage.js": 1754491201610,
  "test/integration/pages/SuperHeroesList.js": 1754491201610,
  "test/integration/opaTests.qunit.js": 1754491201598,
  "test/integration/FirstJourney.js": 1754491201618,
  "test/testsuite.qunit.js": 1754491201590,
  "xs-app.json": 1754943206738,
  "manifest.json": 1754942691887,
  "Component.js": 1754491201494,
  "test/integration/FirstJourney-dbg.js": 1754491201618,
  "test/integration/FirstJourney.js.map": 1754943212598,
  "test/integration/pages/SuperHeroesList-dbg.js": 1754491201610,
  "test/integration/pages/SuperHeroesList.js.map": 1754943212593,
  "test/integration/opaTests.qunit-dbg.js": 1754491201598,
  "test/integration/opaTests.qunit.js.map": 1754943212596,
  "test/integration/pages/SuperHeroesObjectPage-dbg.js": 1754491201610,
  "test/integration/pages/SuperHeroesObjectPage.js.map": 1754943212587,
  "test/testsuite.qunit-dbg.js": 1754491201590,
  "test/testsuite.qunit.js.map": 1754943212593,
  "Component-dbg.js": 1754491201494,
  "Component.js.map": 1754943212594,
  "Component-preload.js": 1754943212689,
  "Component-preload.js.map": 1754943212689,
  "test/integration/opaTests.qunit.html": 1754491201598,
  "test/testsuite.qunit.html": 1754491201534,
  "i18n/i18n.properties": 1754491223850,
  "index.html": 1754491201498
}